name,overall,position,value,value_predicted,difference
Cristiano Ronaldo,91,4,44.99999999999999,76.37940671322976,-31.379406713229763
L. Bonucci,85,2,17.500000000000004,23.088993094038123,-5.58899309403812
Adán,81,1,4.4,8.525088707370836,-4.1250887073708356
H. Elliott,73,4,6.999999999999999,11.065832300117533,-4.065832300117534
F. Muslera,80,1,2.3,6.343536154371834,-4.043536154371834
A. Velasco,75,4,12.0,15.872483513381889,-3.872483513381889
Prazeracinho,78,4,16.5,20.085315715709704,-3.5853157157097044
M. Olise,73,4,6.499999999999999,9.878283898174782,-3.378283898174783
D. Samek,70,4,3.1,6.451552494691252,-3.351552494691252
Gavi,70,4,4.0,7.3038787361849336,-3.3038787361849336
F. Kessié,84,3,49.500000000000014,52.64240044097924,-3.142400440979223
F. Armani,80,1,3.5999999999999996,6.6024311039528705,-3.002431103952871
E. Wahi,71,4,4.0,6.993683839164217,-2.993683839164217
Rúben Dias,88,2,111.5,114.40779551831116,-2.9077955183111612
Raúl Albiol,82,2,7.999999999999998,10.899800229367472,-2.8998002293674734
N. Mbuku,72,3,4.999999999999999,7.6925318598567305,-2.6925318598567314
Francés,71,2,4.1,6.677689783494577,-2.577689783494577
A. Truffert,74,2,8.5,10.972563830192698,-2.4725638301926978
B. Brobbey,73,4,7.499999999999999,9.864436571897409,-2.36443657189741
Fer Niño,73,4,6.499999999999999,8.835283597558243,-2.335283597558244
F. Kadioglu,72,3,3.5999999999999996,5.911406219299245,-2.3114062192992453
C. Tzolis,74,3,10.000000000000002,12.31060356352327,-2.3106035635232676
V. Castellanos,75,4,7.999999999999998,10.217737146053423,-2.217737146053425
P. Sarr,70,4,3.7000000000000006,5.769901753011907,-2.0699017530119064
P. Hincapié,71,2,3.8,5.8674718468648495,-2.0674718468648496
Moleiro,69,4,3.2,5.19759074363402,-1.99759074363402
Francisco Conceição,70,4,4.0,5.942420132078772,-1.9424201320787722
M. Cuisance,73,4,6.0,7.863219388971304,-1.863219388971304
T. Chancalay,75,3,8.5,10.346303749095819,-1.846303749095819
J. Bogle,72,3,4.9,6.719405480178891,-1.819405480178891
N. Raskin,71,3,4.1,5.835823171960701,-1.7358231719607016
J. Dina Ebimbe,72,3,4.999999999999999,6.62256938182998,-1.6225693818299805
J. Hernández,75,4,9.000000000000002,10.613031656629957,-1.6130316566299552
K. Danso,74,2,6.0,7.595174556528068,-1.5951745565280682
L. Dimata,74,4,6.0,7.593262589968371,-1.5932625899683712
S. Biuk,69,3,3.2,4.7916853632794805,-1.5916853632794803
E. Matazo,70,3,3.4,4.988030599541514,-1.5880305995415145
S. Giménez,71,4,4.5,5.982439686386252,-1.4824396863862521
F. Coman,72,4,3.7000000000000006,5.178561571655453,-1.4785615716554523
K. Jakić,74,3,4.999999999999999,6.471229561367836,-1.4712295613678368
Lucas Leiva,80,3,6.999999999999999,8.456842286319056,-1.4568422863190564
B. Kamara,81,3,36.50000000000001,37.95365902309393,-1.4536590230939197
A. Yusuf,71,3,4.3,5.732029470412593,-1.4320294704125933
J. López,71,4,4.5,5.894246517631961,-1.3942465176319612
Nico Melamed,74,4,9.500000000000002,10.889442297999581,-1.3894422979995795
M. Chouiar,70,4,2.2,3.576264442269114,-1.3762644422691137
Dante,77,2,1.9,3.273417457367667,-1.3734174573676672
Sergio Gómez,70,4,3.3,4.669924015059483,-1.3699240150594836
Kangin Lee,74,4,9.500000000000002,10.869399579508201,-1.3693995795081992
W. Faríñez,73,1,3.5,4.864047037820997,-1.3640470378209972
Paulo Victor,75,1,0.95,2.310079989788398,-1.360079989788398
G. Taylor,72,2,3.5,4.845043119144841,-1.345043119144841
M. Gueye,71,4,2.7,4.0373362272799,-1.3373362272798994
Thierry Correia,74,2,6.499999999999999,7.794989537091765,-1.294989537091766
Blanco,71,3,4.5,5.794480958193249,-1.2944809581932493
R. Pasveer,75,1,0.625,1.911207506735062,-1.286207506735062
J. Vagnoman,71,2,3.8999999999999995,5.17424759850526,-1.2742475985052604
M. Bulat,69,4,3.3,4.56996229837362,-1.2699622983736205
T. Awoniyi,75,4,7.999999999999998,9.252335589972727,-1.2523355899727289
M. Vitík,69,2,3.0000000000000004,4.251868812823146,-1.2518688128231452
O. Ejaria,72,4,3.5,4.746655424256767,-1.2466554242567671
L. Gueye,71,4,3.0000000000000004,4.246031895692198,-1.2460318956921976
K. Diks,73,2,3.8,5.043207929907761,-1.2432079299077614
M. Hasebe,76,3,1.5,2.735370474023348,-1.2353704740233482
D. Godín,78,2,3.7000000000000006,4.921454992224615,-1.2214549922246145
Y. Karamoh,76,3,11.000000000000002,12.21417274932298,-1.2141727493229784
T. Vermaelen,75,2,1.5,2.7042100343620037,-1.2042100343620037
E. Mor,72,4,3.7000000000000006,4.90387595694574,-1.2038759569457391
Artur,73,3,3.4,4.599831548729042,-1.1998315487290419
J. Cajuste,72,3,4.7,5.898941783674831,-1.1989417836748304
M. Wöber,74,2,6.0,7.1956320400351625,-1.1956320400351625
T. Ouwejan,74,3,5.5,6.6857096327432695,-1.1857096327432695
P. Diop,77,3,3.0000000000000004,4.168800004940028,-1.1688000049400276
M. Bayo,74,4,6.499999999999999,7.6629555104795495,-1.1629555104795504
A. Varela,69,3,3.1,4.225263782504251,-1.1252637825042506
J. Serra,71,4,2.9,4.0201378727067025,-1.1201378727067026
C. Michelin,73,2,4.1,5.205287271893955,-1.105287271893955
K. Miyoshi,73,4,4.6,5.683503945144992,-1.083503945144992
Douglas Augusto,72,3,3.3,4.383348127855522,-1.0833481278555226
M. Andersen,70,3,2.5,3.5770121813297155,-1.0770121813297155
A. Kolarov,77,2,3.2,4.272792882152884,-1.0727928821528838
Iván Azón,68,4,2.8,3.870292451086689,-1.0702924510866891
S. Alexandropoulos,69,3,3.1,4.167528516307782,-1.0675285163077821
N. Dorsch,75,3,7.999999999999998,9.066260072440494,-1.066260072440496
V. Gyökeres,71,4,3.0000000000000004,4.064616153704214,-1.0646161537042134
F. Onyeka,75,3,7.999999999999998,9.037973982260048,-1.0379739822600502
San Emeterio,72,2,3.4,4.429135220899839,-1.0291352208998394
Fábio Vieira,72,4,6.0,7.026000226428679,-1.0260002264286792
O. Kossounou,74,2,8.5,9.500495132138226,-1.0004951321382265
M. Guéhi,74,2,8.5,9.497884746245006,-0.9978847462450062
D. Subašić,73,1,0.3499999999999999,1.346121710014241,-0.9961217100142412
A. Theate,71,2,3.8999999999999995,4.891308744023613,-0.9913087440236135
M. Debuchy,75,2,1.7,2.689226478371443,-0.9892264783714431
Domingos Quina,71,4,4.2,5.183411275745963,-0.9834112757459632
D. Sinkgraven,75,2,6.0,6.9690145692848136,-0.9690145692848136
M. Estève,69,2,2.8,3.7390869678243486,-0.9390869678243488
Sancet,73,4,6.999999999999999,7.934878090407488,-0.9348780904074889
S. Lončar,71,3,2.6,3.5270509833563177,-0.9270509833563176
K. Mitoma,73,4,4.6,5.516972241936911,-0.9169722419369117
Gonçalo Esteves,67,2,2.4,3.3086681753407023,-0.9086681753407024
Montero,70,2,2.3,3.203192190119182,-0.9031921901191824
I. Sissoko,75,3,7.999999999999998,8.902130625779021,-0.9021306257790229
D. Zeefuik,74,2,6.0,6.899128563360397,-0.8991285633603967
Quintillà,71,2,2.6,3.486070419358865,-0.8860704193588651
Í. Jóhannesson,67,4,2.4,3.281898343933323,-0.8818983439333232
A. Diallo,68,4,3.1,3.98133806318806,-0.8813380631880601
D. Cataldi,75,4,6.0,6.876124233938877,-0.8761242339388771
Antonio Sánchez,72,4,3.7000000000000006,4.5741899740315555,-0.8741899740315549
J. Lora,70,2,3.3,4.174000580111502,-0.8740005801115025
A. Hutchinson,74,3,0.825,1.6909115957303935,-0.8659115957303936
T. Lamptey,74,2,9.000000000000002,9.857978740086102,-0.8579787400861001
S. Janko,73,2,3.7000000000000006,4.557200275735529,-0.8572002757355288
M. Benassi,72,4,2.7,3.5538731658962375,-0.8538731658962373
A. Mowatt,73,3,3.7000000000000006,4.548144457016494,-0.8481444570164931
F. Kuruçuk,70,2,2.2,3.022956053122344,-0.8229560531223439
M. Mukhin,68,3,2.5,3.3203395107486617,-0.8203395107486617
F. Passlack,70,2,2.3,3.1132495695026488,-0.8132495695026489
J. Aribo,74,4,6.0,6.787126247181276,-0.7871262471812761
O. Solet,71,2,3.8999999999999995,4.671885723810616,-0.7718857238106169
M. Frey,74,4,4.7,5.468783632979041,-0.7687836329790407
I. Ugbo,71,4,3.8,4.568004512503313,-0.768004512503313
Y. Benzia,71,4,2.2,2.9647836645182615,-0.7647836645182613
A. Epureanu,72,2,0.75,1.5109583262648794,-0.7609583262648794
José Gragera,70,3,3.4,4.1596140728322695,-0.7596140728322696
M. Cancellieri,67,4,2.4,3.1490010407133595,-0.7490010407133596
K. Möhwald,73,3,3.2,3.9317975037170423,-0.7317975037170421
C. Richards,71,2,4.3,5.027231195571784,-0.7272311955717843
S. Muñoz,67,4,2.4,3.1249149228017283,-0.7249149228017284
T. Băluță,71,3,4.0,4.7177644763761695,-0.7177644763761695
A. Ueda,69,4,2.2,2.9093617923298614,-0.7093617923298612
Y. Sarı,71,4,3.8,4.509008988442427,-0.7090089884424273
M. Bola,70,2,2.2,2.9026985156579155,-0.7026985156579153
Song Min Kyu,70,4,3.5999999999999996,4.2906008973995835,-0.6906008973995839
B. Cufré,74,2,6.0,6.686184364164565,-0.6861843641645651
R. Dickie,73,2,3.8,4.483577460825876,-0.6835774608258758
O. Ntcham,71,4,2.7,3.3821471093262154,-0.6821471093262153
R. Sallai,75,4,7.499999999999999,8.177991655424043,-0.6779916554240435
H. Morita,73,3,3.5999999999999996,4.274582238502243,-0.6745822385022437
R. Nelson,72,3,5.5,6.172012719100162,-0.6720127191001621
Cantero,70,4,3.5999999999999996,4.271279968510355,-0.6712799685103557
Nazinho,66,2,1.9,2.5712618431272776,-0.6712618431272777
S. Davis,75,3,1.8,2.4687414742494367,-0.6687414742494366
A. Gunn,72,1,2.6,3.26420490504143,-0.66420490504143
A. Browne,72,3,3.0000000000000004,3.664141837593855,-0.6641418375938546
W. Caballero,73,1,0.3499999999999999,1.0080513236523463,-0.6580513236523464
M. Sarkaria,70,3,2.2,2.8490165273573953,-0.6490165273573951
Carlos Miguel,71,1,2.3,2.943655327421516,-0.643655327421516
O. Tymchyk,72,2,3.5,4.137869595780408,-0.6378695957804084
A. Schjelderup,65,4,1.8,2.4318184281954496,-0.6318184281954495
B. Zuculini,74,3,3.7000000000000006,4.331067101554635,-0.6310671015546343
F. Agu,70,3,3.4,4.029147127550948,-0.6291471275509477
J. Lindstrøm,72,4,6.0,6.628787787032176,-0.6287877870321763
Nacho Monreal,79,2,5.5,6.128083387792506,-0.6280833877925058
D. McNeil,77,4,17.0,17.62324752434521,-0.62324752434521
J. Graterol,72,1,3.0000000000000004,3.618990500934684,-0.6189905009346837
T. Chong,70,3,3.5999999999999996,4.213110046038886,-0.6131100460388863
Jordi Calavera,70,2,1.9,2.5095353709092874,-0.6095353709092874
B. Acosta,71,3,2.0,2.608963300781711,-0.6089633007817108
J. Steer,72,1,1.7,2.304227202463583,-0.6042272024635829
M. Klimowicz,69,4,3.1,3.6937504046203617,-0.5937504046203617
D. Sarmiento,67,3,2.4,2.9937345009581,-0.5937345009580999
E. Dasa,73,2,2.8,3.3867039252774336,-0.5867039252774338
R. López,74,2,3.8,4.384778776587455,-0.5847787765874548
A. Živković,76,4,9.500000000000002,10.07980862029016,-0.5798086202901587
M. Jensen,74,3,5.5,6.077505569819302,-0.5775055698193023
K. N'Dri,69,3,3.1,3.672769344637854,-0.5727693446378539
H. Delcroix,71,2,3.5,4.071389795865051,-0.5713897958650511
M. Viviani,68,3,2.5,3.064456785076179,-0.564456785076179
E. Destanoğlu,73,1,6.0,6.560270592209563,-0.5602705922095632
Roberto,67,4,2.2,2.760065432785467,-0.5600654327854668
Choi Kyoung Rok,70,4,1.7,2.2585015094408374,-0.5585015094408374
T. Leibold,74,2,4.1,4.65825707607738,-0.5582570760773802
D. Ba,72,4,1.0,1.5575504033771403,-0.5575504033771403
M. Palacios,67,4,2.4,2.9574625991103565,-0.5574625991103566
K. Ruiz-Atil,66,4,2.0,2.554449168696212,-0.5544491686962121
L. Østigård,70,2,3.3,3.8525863240558103,-0.5525863240558104
Pedro Chirivella,75,3,7.499999999999999,8.046096633091866,-0.5460966330918664
Javi Martínez,70,4,3.5999999999999996,4.1367141054098315,-0.5367141054098319
T. St. Jago,70,2,3.3,3.834482520891901,-0.5344825208919013
G. Arteaga,73,2,6.0,6.531988184058136,-0.531988184058136
I. Kebbal,70,4,3.2,3.7270587028502047,-0.5270587028502045
L. Kastrati,68,3,1.8,2.320391656563708,-0.5203916565637081
Y. Koné,70,2,1.9,2.4194632891705714,-0.5194632891705715
Lee Dong Jun,71,4,3.0000000000000004,3.517920204786182,-0.5179202047861815
É. Puch,74,4,1.7,2.2166172703033062,-0.5166172703033063
K. Hause,75,2,6.499999999999999,7.016476060981387,-0.5164760609813879
Y. Badji,67,4,2.2,2.7090040369901276,-0.5090040369901274
R. Hatate,69,3,2.1,2.6083176109560298,-0.5083176109560297
D. Türüç,73,3,3.1,3.6065829873204445,-0.5065829873204444
C. Clark,66,4,2.2,2.7024246663905105,-0.5024246663905103
A. Schöpf,71,3,2.1,2.602316430760841,-0.5023164307608408
M. Schulz,71,3,2.5,2.992721161991907,-0.49272116199190696
Jesé,71,4,1.9,2.3878399110616164,-0.4878399110616165
H. Ortega,70,2,3.3,3.784438331630079,-0.4844383316300793
J. Sánchez,75,2,7.999999999999998,8.479459759443099,-0.4794597594431007
M. Kana,66,3,1.9,2.3792037670453623,-0.4792037670453624
N. Katterbach,70,2,3.7000000000000006,4.178210139197363,-0.4782101391973623
D. Čolina,69,2,2.9,3.372821396840595,-0.4728213968405952
N. Şahin,73,3,2.0,2.469593028671431,-0.46959302867143116
K. Zohi,70,4,2.5,2.96940611274869,-0.46940611274869015
Bastida,64,3,1.4,1.8668039482258925,-0.46680394822589255
P. Schuurs,74,2,9.000000000000002,9.464946217698358,-0.46494621769835653
N. Maraš,71,2,2.6,3.0499659698684622,-0.44996596986846216
Hervías,72,3,2.4,2.8488174545819573,-0.44881745458195743
L. Morales,72,1,4.999999999999999,5.446469398877823,-0.44646939887782366
L. Karius,74,1,3.0000000000000004,3.445038111600143,-0.4450381116001427
B. Atik,70,4,1.9,2.343025005050476,-0.44302500505047604
L. Mousset,70,4,2.2,2.6398127611607194,-0.4398127611607192
N. Dirar,70,2,0.5,0.9359237361739867,-0.4359237361739867
R. van Drongelen,70,2,3.0000000000000004,3.430369754624491,-0.4303697546244907
O. Kayode,71,4,1.9,2.3193792880223616,-0.4193792880223617
J. Alcívar,68,3,2.3,2.7102913538408298,-0.41029135384082993
K. Tzolakis,67,1,2.1,2.505927937897573,-0.4059279378975731
M. Schmelzer,71,2,0.975,1.379351145796938,-0.4043511457969381
K. Klefisch,66,2,1.2,1.6020611178571027,-0.40206111785710275
J. Aramburu,65,2,1.6,2.000827711959599,-0.4008277119595989
A. Zaroury,68,4,2.7,3.1004939745610884,-0.40049397456108826
Y. Mallı,72,4,2.3,2.6986901469668605,-0.39869014696686067
M. Obafemi,68,4,2.7,3.094646771898089,-0.39464677189808883
T. Arslan,73,3,2.5,2.893508646882799,-0.3935086468827991
F. Klos,73,4,1.9,2.2917013036906115,-0.3917013036906116
B. Martins Indi,72,2,2.0,2.3910427000680756,-0.3910427000680756
C. Eiting,71,3,3.7000000000000006,4.090190587338041,-0.39019058733804046
M. Cassierra,72,4,4.7,5.0901204750262865,-0.39012047502628633
A. Scott,64,4,1.5,1.8886713177585848,-0.38867131775858477
R. Tagir,66,2,1.9,2.2864171200482564,-0.38641712004825646
F. Sacko,73,2,3.7000000000000006,4.085968216061462,-0.3859682160614617
Karrikaburu,66,4,2.2,2.580631068889907,-0.38063106888990683
Andrés Martín,69,4,3.2,3.5774158848383006,-0.37741588483830046
J. Sambia,75,2,7.999999999999998,8.376291668767161,-0.3762916687671627
M. Blažič,73,2,3.1,3.4761756082302835,-0.3761756082302834
D. Palacios,70,2,3.4,3.775092805562251,-0.3750928055622511
F. Domínguez,69,3,2.2,2.5744038629061943,-0.3744038629061941
Iago,75,2,7.499999999999999,7.870046860702472,-0.37004686070247317
M. Hector,71,2,1.8,2.169950965000483,-0.3699509650004831
Lucas Torró,74,3,4.999999999999999,5.367395078550857,-0.3673950785508575
R. Nteka,73,4,6.0,6.366867286058498,-0.36686728605849783
A. Ba,63,4,1.1,1.4661357520623026,-0.36613575206230253
M. Malsa,74,3,5.5,5.866030048906858,-0.3660300489068584
Ramalho,72,2,2.4,2.764782655536873,-0.36478265553687317
Sidcley,74,2,3.8,4.164191263821772,-0.36419126382177236
R. Neudecker,69,3,2.0,2.3582662670540624,-0.3582662670540624
R. Providence,67,4,2.2,2.5504645285902385,-0.35046452859023836
M. Peart-Harris,64,4,1.4,1.7503737662114163,-0.35037376621141636
A. Ćorić,69,4,2.1,2.4495137687166837,-0.3495137687166836
M. Vydra,73,4,3.0000000000000004,3.349491552793213,-0.34949155279321253
C. De Ketelaere,76,4,16.5,16.849151950002582,-0.34915195000258237
R. Drăgușin,67,2,2.3,2.646964421702397,-0.3469644217023973
D. Jebbison,63,4,1.2,1.5462915476218897,-0.34629154762188974
L. López,74,4,1.4,1.737326131924703,-0.3373261319247032
S. Mannsverk,66,3,1.9,2.2341789755387715,-0.3341789755387716
N. Castro,68,4,2.9,3.2325939163702846,-0.3325939163702847
V. Kristiansen,65,2,1.6,1.932196100093249,-0.33219610009324896
G. Simeone,65,4,1.8,2.1309526914949144,-0.33095269149491435
C. Nunnely,68,3,1.9,2.2289281835289696,-0.3289281835289697
G. Moreno,76,4,3.2,3.5284937177638445,-0.3284937177638443
Cafú,69,3,1.2,1.5274737354086796,-0.32747373540867963
S. Corchia,72,2,2.0,2.326968122849734,-0.32696812284973387
B. Garré,68,3,2.6,2.9212960955182417,-0.32129609551824156
V. Barco,63,2,1.3,1.6194821082535074,-0.3194821082535073
M. Pack,71,3,1.6,1.9188287972841525,-0.31882879728415237
É. Michut,65,4,1.8,2.1156272214488854,-0.31562722144888533
M. Cauteruccio,70,4,0.775,1.0894853715342603,-0.31448537153426026
D. González,74,3,4.5,4.80528301259563,-0.3052830125956296
G. Chakvetadze,69,4,3.1,3.4032221032552226,-0.3032221032552225
A. Esaka,71,4,1.9,2.202635236822745,-0.30263523682274496
S. Ben Seghir,65,3,1.7,2.0018762708176197,-0.3018762708176197
Villalibre,73,4,6.0,6.295619648533889,-0.2956196485338891
M. John,67,2,2.3,2.5921977272496175,-0.2921977272496177
Allan Sousa,69,3,2.1,2.385476939545035,-0.2854769395450347
F. Stevanović,64,4,1.5,1.7836161101347183,-0.2836161101347183
J. Bakayoko,64,3,1.5,1.782092830719132,-0.28209283071913194
G. Hoarau,70,4,0.55,0.8313114270623334,-0.28131142706233336
B. Oczipka,71,2,1.3,1.5801234990306803,-0.28012349903068023
C. Palmer,66,4,2.2,2.47886430332428,-0.2788643033242799
B. Risa,68,2,1.8,2.077529873044394,-0.2775298730443938
Nilton Varela,68,2,2.5,2.7770524149070144,-0.2770524149070144
P. Bråtveit,69,1,1.5,1.7700309486648829,-0.27003094866488286
N. Bätzner,69,4,3.1,3.3655067264987544,-0.2655067264987543
J. Osorio,72,3,2.3,2.5631530278927923,-0.2631530278927925
A. Müller,65,4,1.3,1.5617878983463511,-0.2617878983463511
J. Gnagnon,74,2,6.0,6.261204138832643,-0.2612041388326434
Nico Serrano,65,4,1.8,2.057648714238649,-0.257648714238649
Valery,69,3,3.1,3.3565274827109968,-0.2565274827109967
S. Shashoua,70,4,3.5999999999999996,3.8563623282431516,-0.25636232824315197
M. Rzatkowski,71,3,1.5,1.7561287987541565,-0.2561287987541565
S. Hezze,66,3,2.0,2.2530800729224434,-0.2530800729224434
B. Nadir,60,3,0.55,0.8021719637285806,-0.25217196372858053
Q. Sullivan,60,4,0.55,0.8013743035909037,-0.2513743035909036
R. Hendriks,66,2,1.9,2.146686411552901,-0.24668641155290105
J. Burkardt,75,4,12.500000000000002,12.746245823861875,-0.246245823861873
Jorge Sáenz,69,2,2.0,2.245719318772931,-0.24571931877293096
R. Sambueza,77,4,3.4,3.636921669114049,-0.23692166911404922
A. Garcia MacNulty,63,2,1.1,1.336885906627094,-0.23688590662709386
S. Seddon,67,3,1.5,1.7354694622558973,-0.23546946225589727
T. Ebuehi,69,2,1.7,1.9264554223258743,-0.22645542232587434
L. Torrico,67,2,0.325,0.5480101894744857,-0.22301018947448564
J. Gelhardt,67,4,2.7,2.9215521662177277,-0.22155216621772755
D. Fofana,63,4,1.2,1.421549568206274,-0.22154956820627403
Luis Carbonell,63,4,1.2,1.4205960210878,-0.22059602108779996
Y. Akgün,66,4,1.7,1.918990113507536,-0.21899011350753605
M. McGovern,66,1,0.08999999999999998,0.3055404414376768,-0.2155404414376768
B. Guillaume,70,4,2.1,2.311806592840372,-0.21180659284037207
J. Greaves,68,2,2.5,2.7109649256990602,-0.21096492569906022
J. Braaf,64,3,1.6,1.8081320381338095,-0.20813203813380943
N. Schmidt,67,4,1.6,1.8056824136567002,-0.20568241365670015
A. Solari,73,3,3.0000000000000004,3.203745947996412,-0.20374594799641166
M. Camara,74,3,9.000000000000002,9.199309853298521,-0.19930985329851936
M. Taabouni,65,4,1.7,1.8937681060418476,-0.1937681060418477
N. De Préville,73,4,2.9,3.093481449440171,-0.1934814494401711
F. Coloccini,68,2,0.22,0.412578868374401,-0.192578868374401
Valera,66,3,2.2,2.3918153777432574,-0.1918153777432572
H. Arter,69,3,0.975,1.163632073789212,-0.1886320737892121
L. Grabban,70,4,1.0,1.1882222150515682,-0.18822221505156822
Dylan Perera,62,4,1.0,1.1878588875641647,-0.1878588875641647
H. Belkebla,74,3,4.6,4.787260893802648,-0.1872608938026481
L. Mbete,62,2,1.0,1.1853588834670978,-0.18535888346709783
M. Dräger,69,2,1.9,2.0810591004764936,-0.18105910047649365
T. Rogić,74,4,4.2,4.379240571069866,-0.17924057106986613
Diego Farías,73,4,2.5,2.669787251439545,-0.1697872514395451
Li Ang,67,2,0.95,1.1197144131417365,-0.16971441314173652
J. Maclaren,75,4,6.0,6.169111357885541,-0.16911135788554077
R. Bourlès,60,4,0.575,0.7429437240222184,-0.16794372402221847
T. Gardner-Hickman,64,2,1.3,1.4637827900314644,-0.16378279003146434
Luis Paezinho,65,2,0.7,0.8634272664538991,-0.16342726645389916
L. Gechter,61,2,0.85,1.009853692329531,-0.15985369232953095
M. Benita,60,3,0.625,0.783201511784275,-0.158201511784275
J. Blasco,66,2,1.3,1.4560460488907148,-0.15604604889071472
R. Ilie,60,4,0.575,0.7293561669565682,-0.15435616695656829
Jordi Masip,75,1,2.8,2.9529940668095875,-0.15299406680958771
I. Nedelcearu,69,2,1.9,2.052738779717772,-0.15273877971777194
Y. Ayoub,69,4,1.6,1.7518319679134167,-0.15183196791341658
A. Elanga,66,3,2.2,2.349767701496992,-0.1497677014969918
D. Hoogewerf,60,4,0.625,0.7737437868147304,-0.14874378681473044
S. Bakari,68,2,1.3,1.446477329163498,-0.14647732916349798
L. Hornicek,63,1,0.875,1.0209214022472566,-0.14592140224725658
S. Ibrahim,60,4,0.575,0.7179602079301043,-0.14296020793010433
C. Souaré,60,3,0.575,0.7177032203617121,-0.14270322036171212
Z. Debast,61,2,0.775,0.9170649545372268,-0.14206495453722678
David Costa,68,4,2.9,3.0420343491731385,-0.14203434917313862
Mariano,75,4,6.0,6.14200209061809,-0.14200209061808966
C. Lykogiannis,68,2,1.2,1.340456386062791,-0.14045638606279098
G. Slonina,63,1,1.1,1.239832270125205,-0.13983227012520483
E. Dinkçi,64,4,1.5,1.6396477407537766,-0.13964774075377662
Gilberto,75,2,4.999999999999999,5.1378953767110325,-0.13789537671103336
Y. Barasi,61,4,0.775,0.9124554308031841,-0.13745543080318412
W. Swedberg,59,4,0.55,0.6850736253413282,-0.13507362534132816
M. Caicedo,64,4,1.4,1.5343348050839558,-0.1343348050839559
K. Karataş,61,4,0.725,0.8591289467626495,-0.13412894676264953
N. Williams,68,2,2.8,2.93399164114435,-0.13399164114435003
D. Popov,73,2,6.499999999999999,6.63371736752412,-0.13371736752412122
Jozabed,71,3,1.8,1.9328895722731048,-0.13288957227310472
Urko González,65,3,1.5,1.6327454548304132,-0.13274545483041322
R. Glatzel,69,4,1.5,1.6321547617071446,-0.13215476170714457
L. Besozzi,62,3,1.0,1.1304054384423943,-0.13040543844239427
A. Fletcher,69,4,1.9,2.029718533028116,-0.12971853302811587
F. Flores,65,2,1.6,1.7271459382122318,-0.12714593821223175
J. Nelson,61,4,0.75,0.8771113562631083,-0.12711135626310832
F. Sambueza,72,4,1.9,2.025975352686925,-0.12597535268692495
Juande,68,2,2.5,2.6256133469183496,-0.12561334691834958
S. Ezatolahi,68,3,1.8,1.9249145352737782,-0.12491453527377816
C. Patino,62,3,1.2,1.3241004960590128,-0.12410049605901285
J. Onguéné,71,2,3.5,3.6232930320385863,-0.12329303203858633
R. Østrøm,60,2,0.55,0.6729711263412799,-0.12297112634127982
R. Jones,60,4,0.675,0.7977742001363944,-0.1227742001363944
A. Baptiste,65,2,0.19,0.3112239293907021,-0.12122392939070209
P. Bonet,63,1,0.975,1.0959173383820922,-0.12091733838209218
F. Ebosele,62,3,0.875,0.9948062097328894,-0.11980620973288936
O. Marmoush,70,4,3.5999999999999996,3.718491579694224,-0.1184915796942243
F. Delph,75,3,3.8999999999999995,4.018480201114859,-0.1184802011148598
V. Drchal,69,4,3.2,3.3183275013127935,-0.11832750131279335
Ø. Nyland,69,1,0.925,1.042650726609648,-0.11765072660964804
S. Ferreira,72,4,4.999999999999999,5.115814924849849,-0.11581492484984945
W. Carmona,60,4,0.625,0.74031930800497,-0.11531930800497003
J. Montero,70,4,1.3,1.4150843677971119,-0.11508436779711184
I. Boura,67,2,2.1,2.21464818690025,-0.1146481869002498
A. Montgomery,60,3,0.6,0.7143022174622715,-0.11430221746227154
C. Dalle Mura,60,2,0.6,0.7124726362176129,-0.11247263621761294
W. Burger,66,4,1.9,2.011597791649052,-0.11159779164905226
R. Ledezma,67,4,2.5,2.609696839542174,-0.10969683954217402
D. Michalski,64,2,0.75,0.8592865764405201,-0.10928657644052009
F. Di Santo,72,4,1.9,2.0092075481313216,-0.10920754813132172
R. Priso,61,2,0.725,0.8321642463693167,-0.10716424636931676
L. García,76,4,11.000000000000002,11.106792592017756,-0.10679259201775437
M. Elneny,76,3,6.499999999999999,6.605873957417134,-0.10587395741713479
Peru Rodríguez,63,2,1.1,1.2053265616778077,-0.10532656167780763
M. Toure,59,4,0.575,0.6794314869094338,-0.10443148690943382
F. Soldano,68,4,1.4,1.5021205395474058,-0.10212053954740585
Alberto Moreno,63,4,1.2,1.29849983769329,-0.09849983769328996
D. Watmore,68,4,1.3,1.3967670895221542,-0.09676708952215418
S. Sunzu,74,2,2.7,2.7963102612348463,-0.0963102612348461
L. Samardžić,65,4,1.8,1.8955978695215643,-0.09559786952156424
Pedro Raul,68,4,1.8,1.8947086204974766,-0.09470862049747653
R. Bogarín,68,3,1.8,1.8943657054999257,-0.09436570549992562
D. Bernard,67,2,2.3,2.3942077296395756,-0.0942077296395758
K. Malcuit,74,2,3.7000000000000006,3.7931346014131173,-0.09313460141311669
R. Philippe,60,4,0.525,0.6167816807214492,-0.09178168072144921
I. Nuhu,63,3,1.1,1.1887893961920828,-0.0887893961920827
W. Burns,67,3,1.1,1.1878643014677224,-0.08786430146772228
O. Sijarić,62,4,0.85,0.9351308451703381,-0.08513084517033809
A. Duncan,74,3,4.2,4.284950726108546,-0.08495072610854582
S. Lagsir,62,3,1.0,1.0842228081393537,-0.08422280813935368
B. Srarfi,67,4,1.5,1.5833175426570245,-0.08331754265702451
A. Nagalo,61,2,0.725,0.8068674477577674,-0.08186744775776744
Rubén Blanco,75,1,6.0,6.081395660888442,-0.0813956608884423
M. Rosołek,61,4,0.825,0.9063071726845117,-0.08130717268451171
V. Stocker,72,3,1.9,1.9809216268285919,-0.08092162682859194
I. Pussetto,74,4,6.0,6.0798898347703485,-0.0798898347703485
N. Collins,60,2,0.725,0.803216811528825,-0.07821681152882498
T. Parrott,64,4,1.5,1.5781538483231359,-0.07815384832313588
Damián,59,4,0.475,0.5526175720671983,-0.07761757206719833
M. González,60,4,0.575,0.6514098430141875,-0.07640984301418752
D. Kemp,63,4,0.775,0.850946657746595,-0.07594665774659493
A. Kamara,59,4,0.7,0.7757901938441936,-0.07579019384419361
J. Obi,71,2,1.8,1.874946025971832,-0.07494602597183198
J. Indacoechea,65,3,1.5,1.5740003385944488,-0.07400033859444877
M. Harness,67,3,1.3,1.373468700900998,-0.073468700900998
C. Brannagan,67,4,1.4,1.4730865146645247,-0.07308651466452476
Juanmi,75,4,5.5,5.570895040673631,-0.07089504067363084
R. Lavia,62,2,1.2,1.2696646158786866,-0.06966461587868666
A. Ahmedhodžić,73,2,6.499999999999999,6.569299095402817,-0.06929909540281809
B. Purrington,66,2,0.975,1.0442654580078206,-0.06926545800782058
J. Harrop,66,4,1.1,1.1691558934548125,-0.06915589345481243
Z. Gano,68,4,1.3,1.3680738947102185,-0.06807389471021841
O. Pachlopník,66,4,1.7,1.7675917809046495,-0.06759178090464957
D. Mebude,60,4,0.6,0.6670569428776189,-0.06705694287761887
F. Bednarek,66,1,0.6,0.6667415029833457,-0.06674150298334569
N. Fatar,61,4,0.775,0.8416621487940795,-0.0666621487940795
H. Hassan,64,3,1.4,1.4653292625996746,-0.06532926259967464
A. Letellier,69,1,0.925,0.9887511851431056,-0.06375118514310552
M. Marin,73,4,2.4,2.463609339295992,-0.06360933929599222
D. Man,73,3,6.999999999999999,7.06349662810958,-0.06349662810958101
M. Nyeman,58,3,0.475,0.5373119684043505,-0.06231196840435049
Y. Fekir,68,4,1.9,1.9616870645193474,-0.06168706451934747
K. Peprah,65,4,1.6,1.6616054027594125,-0.0616054027594124
N. Adams,63,2,0.18000000000000002,0.23917661286794265,-0.059176612867942624
G. Thomason,63,3,1.0,1.0589296500741274,-0.058929650074127427
B. Carabalí,67,3,1.5,1.5583237870801796,-0.0583237870801796
E. Tercero,67,2,1.2,1.257231237367309,-0.05723123736730895
E. Sobol,75,2,6.499999999999999,6.556800581167245,-0.056800581167245845
Park Chu Young,65,4,0.3,0.3564913294353208,-0.056491329435320814
A. Milošević,69,2,1.3,1.3558642302021837,-0.05586423020218367
E. Tatlı,59,3,0.475,0.5287837818487117,-0.05378378184871169
M. Mamaní,60,4,0.6,0.6528047796679213,-0.0528047796679213
F. Balogun,65,4,1.9,1.951210958374051,-0.051210958374050985
Y. Ayari,58,4,0.5,0.5493938743301362,-0.0493938743301362
Samu Castillejo,76,4,7.999999999999998,8.048207796055708,-0.048207796055709906
D. Fage,60,2,0.375,0.42190816955809657,-0.04690816955809657
E. Poku,61,4,1.0,1.04483727701907,-0.04483727701906992
A. Masika,68,3,1.3,1.3442925278725317,-0.044292527872531684
T. Fleckstein,60,2,0.3499999999999999,0.39382406514289175,-0.04382406514289183
K. Tete,75,2,6.999999999999999,7.043659355676454,-0.04365935567645529
S. Kaba,67,4,1.2,1.2420862513909154,-0.042086251390915486
C. Coşkun,63,3,0.7,0.7409454324726638,-0.0409454324726638
M. Nawrocki,65,2,1.6,1.6404976915641478,-0.04049769156414773
J. Bowden,61,3,0.775,0.8152888153830986,-0.040288815383098586
Arnau Tenas,67,1,2.1,2.1402258431297585,-0.04022584312975841
L. Münst,61,3,0.775,0.8149608258956305,-0.039960825895630436
P. Greil,65,4,1.0,1.0388979620910073,-0.038897962091007265
J. Stretton,60,4,0.6,0.6388819308237098,-0.03888193082370983
E. Loiodice,67,3,2.4,2.438315547545322,-0.03831554754532229
Y. Cassubie,61,3,0.6,0.6374349562987778,-0.0374349562987778
Q. Cornette,66,4,0.9,0.9373724090838437,-0.03737240908384365
M. Wolf,75,3,6.499999999999999,6.536058201567415,-0.03605820156741579
N. Skyttä,62,4,0.95,0.9859999787997883,-0.035999978799788335
Berrocal,67,2,2.1,2.1317444365758607,-0.03174443657586057
M. Altunbaş,59,4,0.575,0.6065764316599207,-0.031576431659920745
W. Taïbi,61,4,0.775,0.8027549446638592,-0.027754944663859193
Akieme,70,2,3.0000000000000004,3.0255069841489135,-0.02550698414891306
A. Kamardin,61,2,0.725,0.7501937745694164,-0.025193774569416405
M. Gouras,65,3,1.1,1.125050041041652,-0.02505004104165187
L. Gooch,66,4,1.1,1.1249509703670126,-0.024950970367012548
Y. Bolasie,72,3,1.9,1.9244294375971907,-0.02442943759719074
A. Hackford,59,4,0.7,0.7236276752645625,-0.023627675264562553
T. Parker,67,2,0.875,0.8978494533377426,-0.022849453337742576
R. Inniss,66,2,0.925,0.947723333542116,-0.022723333542115975
Arribas,65,4,1.8,1.8222092589795258,-0.022209258979525748
C. Gravius,63,4,0.725,0.7467036272119512,-0.021703627211951182
D. Oberlin,64,4,0.9,0.9207355675651789,-0.020735567565178914
Z. Machach,67,3,1.4,1.4206606052527415,-0.020660605252741604
J. Scrimshaw,60,4,0.55,0.5687933439119622,-0.01879334391196219
D. Rudd,68,1,0.8,0.8167529735914595,-0.01675297359145944
K. Chinen,68,4,1.5,1.5167193217122088,-0.0167193217122088
A. Newby,64,3,0.7,0.7151429468313829,-0.015142946831382953
N. Maynard,62,4,0.19,0.2047504596657611,-0.014750459665761106
A. Rose,66,2,0.575,0.5895252096115466,-0.014525209611546686
Borja Lasso,68,4,1.4,1.414181940163412,-0.01418194016341201
Z. Walker,57,4,0.3499999999999999,0.3624048576448797,-0.012404857644879752
Torrente,63,2,1.2,1.2123695099317515,-0.012369509931751566
R. Pluijmen,57,2,0.3499999999999999,0.36185607353790517,-0.011856073537905243
E. Simms,65,4,1.7,1.7099829996026221,-0.009982999602622167
A. Herrera,56,3,0.275,0.28377390623430865,-0.008773906234308626
R. Kristiansen,65,2,0.375,0.38318655846430943,-0.008186558464309435
T. Gomulka,59,3,0.5,0.5080842125039866,-0.00808421250398661
K. Keïta,60,3,0.55,0.5577689171588717,-0.007768917158871624
D. Ramaj,62,1,0.825,0.8326811886259975,-0.007681188625997537
V. Dahlström,60,4,0.3499999999999999,0.3555256193934403,-0.005525619393440373
David Argüelles,61,2,0.75,0.7538144677750217,-0.0038144677750217015
F. Bainović,62,3,0.475,0.47864261904543937,-0.003642619045439388
L. Mouyokolo,63,2,0.975,0.9783703789099708,-0.003370378909970828
J. Castrop,57,4,0.45,0.4523512733737732,-0.002351273373773166
S. Bajic,65,1,1.5,1.5018761159701022,-0.0018761159701021768
H. Ashby,59,2,0.5,0.5014160814692871,-0.0014160814692870671
D. Schad,65,2,0.95,0.9491959305366583,0.0008040694633416612
J. González,57,2,0.4,0.39908463382966625,0.0009153661703337757
G. McEachran,60,4,0.6,0.5977816155182185,0.0022183844817814657
R. Sotiriou,60,3,0.55,0.5468702635075604,0.0031297364924396387
T. Perry,61,4,0.85,0.8452090913147232,0.004790908685276762
J. Sterry,63,2,0.575,0.5694826863897464,0.005517313610253538
K. Manneh,64,3,0.65,0.6442990092354793,0.005700990764520686
Claudio Coíntra,77,4,11.499999999999998,11.491969458139058,0.008030541860939877
O. Dovin,59,1,0.5,0.48892389216170995,0.01107610783829005
J. Rodwell,67,2,0.825,0.811666602234812,0.013333397765187938
K. Nagera,63,4,1.3,1.286560492857351,0.013439507142648965
S. Ahmed,62,3,0.425,0.41135318772058255,0.013646812279417442
J. Westerman,59,3,0.525,0.5112921472558948,0.013707852744105242
S. Ahlers,59,1,0.275,0.26121935039558175,0.013780649604418271
Femi Seriki,59,2,0.5,0.48585672723801665,0.01414327276198335
J. Altidore,69,4,1.2,1.185822564741239,0.014177435258760918
N. Bakker,65,2,0.625,0.6089268326608334,0.01607316733916664
K. Kouassi,50,3,0.10000000000000002,0.08389684915314147,0.016103150846858552
M. Tillman,63,4,1.3,1.2826938544292303,0.017306145570769704
Álvaro García,75,3,5.5,5.482287989648997,0.017712010351003116
S. Swinkels,56,2,0.375,0.3564139544185927,0.018586045581407307
Z. Bello,50,2,0.11000000000000001,0.0910116881902046,0.01898831180979542
D. Meddah,56,4,0.325,0.3057768933134497,0.019223106686550306
J. Padilla,64,2,0.575,0.5556181807181773,0.0193818192818227
Jorge Padilla,65,4,1.7,1.6802568008182623,0.019743199181737614
Á. Preciado,61,1,0.425,0.40477426285606655,0.020225737143933442
A. Jovanović,66,2,0.575,0.5545990656810845,0.02040093431891543
R. Nyakossi,54,2,0.25,0.22893609879068,0.021063901209320002
D. Telford,64,4,0.85,0.8289303455826263,0.02106965441737363
J. Eastham,59,1,0.475,0.4538669819572033,0.02113301804279666
M. Vidal,66,1,0.575,0.553552753986224,0.0214472460137759
C. Cooper,56,4,0.3,0.2776012633642014,0.02239873663579861
I. Balliu,74,2,3.7000000000000006,3.6772275354931523,0.022772464506848333
F. Krastev,59,4,0.575,0.5511444755232742,0.023855524476725787
L. Škaričić,61,2,0.8,0.7741878404010947,0.02581215959890537
S. Carey,59,4,0.5,0.47298216852265995,0.02701783147734005
L. Knöferl,58,4,0.525,0.4978743238698762,0.027125676130123844
D. Mejía,58,2,0.5,0.47276400240606303,0.027235997593936967
S. Al Abbas,60,4,0.3,0.2723324411616669,0.027667558838333106
M. Fornalczyk,58,3,0.475,0.4470659533831087,0.02793404661689125
M. Gullit,60,2,0.575,0.5461538447073966,0.02884615529260337
A. Idah,67,4,2.5,2.469282433695436,0.030717566304563793
A. Toure,60,4,0.55,0.5190460854529471,0.030953914547052985
J. Coburn,57,4,0.425,0.3936120022268299,0.031387997773170084
K. Chauke,58,4,0.525,0.4926917913517141,0.03230820864828593
N. Raj,50,3,0.10000000000000002,0.0675877330953034,0.03241226690469662
T. Nakamura,62,2,0.825,0.7916553399311198,0.03334466006888015
S. Moreland,50,4,0.13,0.09619181167243096,0.033808188327569044
Diego Bri,58,4,0.525,0.49107684544472907,0.03392315455527095
J. Gibson,61,4,0.525,0.4906771819279819,0.034322818072018146
J. Carbonero,68,3,2.7,2.665603210135505,0.034396789864495236
M. Ibrahimoglu,62,4,0.875,0.8401236977305654,0.03487630226943461
P. Yade,67,4,2.3,2.2641356231198078,0.03586437688019206
S. Bell,59,4,0.55,0.5134943812005601,0.03650561879943992
B. Brereton Díaz,73,4,6.999999999999999,6.963208174880839,0.03679182511915968
B. Greenwood,56,2,0.325,0.28814920500837904,0.03685079499162097
B. Akehurst,53,2,0.22,0.18266168357282037,0.037338316427179635
L. Everink,61,2,0.675,0.6368072188716487,0.03819278112835134
C. McAleny,63,3,0.475,0.4365558287346138,0.038444171265386184
S. Booth,51,1,0.11000000000000001,0.07064060265697308,0.03935939734302693
M. Traore,54,2,0.23,0.19016258197407734,0.039837418025922666
N. Andereggen,63,4,1.1,1.0588020473583095,0.04119795264169057
F. Dele-Bashiru,61,4,0.775,0.7336186790955876,0.04138132090441238
N. Mantl,69,1,2.7,2.6579143868755724,0.04208561312442782
L. Lobato,62,3,0.875,0.832854839605309,0.04214516039469096
M. Björkqvist,52,4,0.2,0.1577045679871524,0.042295432012847606
E. López,63,4,1.3,1.257532820550008,0.04246717944999201
D. Bates,66,2,1.2,1.157241000820843,0.04275899917915704
I. Lysgård,59,1,0.24,0.1968581567089386,0.04314184329106138
B. Rivero,67,3,1.4,1.3562780894399042,0.04372191056009567
O. Dodgson,56,2,0.325,0.2811279762431138,0.0438720237568862
A. Bayew,51,3,0.14,0.09565910324182265,0.04434089675817736
Buatu,67,2,1.1,1.0548588428141672,0.04514115718583289
T. Hopper,65,4,0.775,0.729833231001244,0.045166768998756046
R. Huaccha,63,4,0.525,0.4796424700452914,0.0453575299547086
J. Dorsett,59,2,0.55,0.5043650757010439,0.0456349242989561
V. Gvilia,67,4,1.2,1.154354880538632,0.045645119461367845
M. Paskotsi,58,2,0.525,0.4773048455383429,0.04769515446165712
U. Eneme-Ella,59,4,0.5,0.45221317633096064,0.04778682366903936
K. Yakob,59,4,0.5,0.45177350196777555,0.04822649803222445
T. Ducrocq,62,4,0.85,0.7995895517497618,0.050410448250238216
O. Gene,55,3,0.3,0.24952746120417665,0.050472538795823335
A. Lazaar,66,2,0.75,0.6993989819122873,0.05060101808771267
C. Mayada,74,2,3.5999999999999996,3.5493397627805154,0.050660237219484205
B. Thomas,61,2,0.75,0.6985514354948476,0.05144856450515245
Y. Oda,58,4,0.475,0.4233031494369404,0.05169685056305956
C. Meza,58,2,0.5,0.44793732255621543,0.052062677443784566
A. Ugur,61,4,0.775,0.7227526567718648,0.05224734322813518
J. Hinds,53,4,0.22,0.16742430647665127,0.05257569352334873
J. Wollacott,64,1,0.75,0.6974028527331136,0.05259714726688636
Y. Kalley,59,2,0.475,0.4220685220706063,0.05293147792939368
S. Guerrero,62,4,0.95,0.8953644744727952,0.05463552552720474
Li Xiang,54,4,0.11000000000000001,0.05446141996147261,0.05553858003852741
E. Mitchell,52,2,0.19,0.1336699436581381,0.05633005634186189
C. Niasse,67,3,2.2,2.1429965518631184,0.05700344813688174
J. McClean,69,3,1.1,1.042481609813005,0.057518390186995116
J. Žambůrek,62,4,0.95,0.8917474338443196,0.05825256615568031
L. Oppermann,59,1,0.475,0.41575099241000835,0.05924900758999163
C. Baker-Richardson,61,4,0.45,0.39037623221882783,0.05962376778117218
H. Kyprianou,62,3,0.875,0.8141679256193797,0.06083207438062033
E. McJannet,54,4,0.3,0.23905113623186233,0.06094886376813766
A. Marsh,53,4,0.24,0.17719203552004167,0.06280796447995832
D. Collins,47,4,0.10000000000000002,0.03644503460564911,0.0635549653943509
M. Jay,65,3,1.0,0.9363984208316118,0.06360157916838816
B. Bjarnason,60,2,0.575,0.5112160932559515,0.06378390674404844
L. Taylor,69,4,1.2,1.1360306901191188,0.06396930988088112
M. Ellborg,52,1,0.18000000000000002,0.11447156684526012,0.0655284331547399
L. Zbinden,53,1,0.21,0.14401064845454378,0.06598935154545621
Miguel Vieira,67,2,0.825,0.7582436597890572,0.06675634021094279
T. Francois,61,4,0.775,0.7075903744951433,0.06740962550485674
K. Bielik,72,3,4.9,4.83227802274645,0.06772197725355067
C. Makreckis,59,3,0.45,0.3796386296868827,0.07036137031311729
S. Sanogo,53,4,0.22,0.14943839366558284,0.07056160633441716
Alex Millán,66,4,1.9,1.829409248758858,0.07059075124114189
F. Nmecha,63,4,1.2,1.1292112057983614,0.07078879420163853
J. Stanišić,68,2,2.6,2.529086967295597,0.07091303270440319
D. Sigér,69,3,1.3,1.2286266506161112,0.07137334938388884
E. Bohinen,69,3,3.1,3.027438823948903,0.07256117605109713
N. Michael,64,1,0.575,0.5023617070957408,0.07263829290425916
W. Ramírez,67,1,2.1,2.02682435345366,0.07317564654634001
T. Holmes,67,2,2.1,2.0256605315727776,0.0743394684272225
J. Vennings,55,3,0.3,0.22551029776019396,0.07448970223980603
S. McClelland,56,2,0.3499999999999999,0.27549144308914314,0.07450855691085678
E. Taylor,51,3,0.19,0.11486085067339462,0.07513914932660538
L. Rosenlöcher,58,2,0.425,0.3497701219919491,0.07522987800805087
A. Lallana,75,4,3.5,3.423531627826944,0.07646837217305613
Wang Zhen'ao,47,4,0.11000000000000001,0.03336912617773293,0.07663087382226708
E. Adams,65,3,1.0,0.9220263839601993,0.07797361603980069
D. Dutu,52,1,0.15999999999999998,0.08068511606913555,0.07931488393086443
N. Fujimoto,67,4,0.85,0.77039258861993,0.07960741138006999
I. Najim,55,3,0.3499999999999999,0.2700357180590936,0.07996428194090632
C. Kiernan,52,4,0.21,0.12953995061739498,0.08046004938260501
C. Dunbar,54,4,0.3,0.21936277757419956,0.08063722242580043
A. Pyndt,55,4,0.275,0.19393077540119533,0.0810692245988047
M. Mbow,59,2,0.475,0.3938981028334329,0.08110189716656707
A. Bakir,62,3,0.95,0.8678675118146933,0.0821324881853066
S. Jasper,64,3,1.4,1.317779707468197,0.08222029253180296
M. Córdoba,60,3,0.55,0.4673745895374395,0.08262541046256056
T. Oosting,65,4,1.6,1.517348067546818,0.08265193245318203
L. Cingolani,61,3,0.8,0.7173074321320634,0.08269256786793666
A. Ríos,64,4,0.5,0.4172907630172487,0.08270923698275129
Nabil Touaizi,63,4,1.2,1.1169810574588226,0.08301894254117737
Diego Pampín,61,2,0.75,0.6669011138978325,0.08309888610216754
Mario Ordoñez,60,3,0.6,0.51614804212477,0.08385195787523003
I. Arslan,55,2,0.275,0.19099259457426584,0.08400740542573418
Z. El Sheiwi,57,2,0.5,0.415885540952373,0.08411445904762699
L. Jephcott,65,4,1.6,1.51582179325417,0.0841782067458301
M. Delanghe,63,1,1.0,0.9154200687169484,0.08457993128305163
V. Torp,66,4,1.9,1.8152695971181023,0.08473040288189759
M. Jørgensen,59,4,0.55,0.46493713249947577,0.08506286750052428
C. Buchtmann,67,3,1.0,0.9147652302255983,0.0852347697744017
Z. Lepasa,64,4,0.9,0.8132712601949592,0.08672873980504081
J. Aholou,74,3,4.9,4.81139292792446,0.08860707207554075
L. Bittencourt,75,4,6.0,5.910132333939196,0.08986766606080376
Pacheco,66,2,2.1,2.008833509302222,0.09116649069777827
V. Bernedo,57,1,0.3499999999999999,0.25877124231456594,0.09122875768543398
S. Hanca,67,3,1.0,0.9081943219360258,0.09180567806397422
S. Russo,61,2,0.7,0.6071439286697156,0.0928560713302844
N. Jackson,62,4,0.975,0.8818660051728779,0.09313399482712204
K. Gordon,54,2,0.275,0.1814193760720199,0.09358062392798011
R. Zozulya,65,4,0.6,0.5062381323417953,0.09376186765820471
T. Tamas,61,2,0.75,0.656011043518147,0.09398895648185301
T. Clayton,57,2,0.4,0.3053636628206785,0.09463633717932152
J. Ramírez,61,3,0.8,0.7049841498237496,0.09501585017625047
J. Tauriainen,59,3,0.55,0.454643700147044,0.09535629985295602
Jeremy,62,2,0.85,0.7545663734924143,0.09543362650758569
J. Lankester,62,4,0.9,0.8044217701673152,0.09557822983268482
A. Van Hoorenbeeck,60,2,0.525,0.4287957106763781,0.0962042893236219
G. Ahadme,62,4,0.975,0.8784659161415672,0.09653408385843276
Félix Correia,64,4,1.5,1.4031339625023336,0.09686603749766642
M. Feeney,60,2,0.525,0.4261297062346402,0.09887029376535983
A. Roncaglia,57,2,0.3499999999999999,0.24851748889705563,0.10148251110294429
J. Austerfield,55,4,0.3499999999999999,0.24788272037905393,0.102117279620946
S. Adewoye,61,2,0.7,0.5964309317379711,0.10356906826202883
N. Benedetti,72,4,4.7,4.596287106416102,0.10371289358389824
J. Young,58,4,0.5,0.39619859936315266,0.10380140063684734
V. Sinisalo,55,1,0.3,0.19585742229150838,0.10414257770849161
P. Polykarpou,55,2,0.3,0.1957736473730124,0.1042263526269876
S. Tedić,64,4,1.3,1.1949790441023656,0.1050209558976345
D. Loera,60,4,0.55,0.44461237546863575,0.1053876245313643
D. Willms,60,3,0.55,0.443393114081017,0.10660688591898304
O. Schmitt,61,3,0.725,0.6178565801233133,0.10714341987668663
T. Burey,61,4,0.875,0.7661049927844679,0.10889500721553214
R. Ciervo,59,3,0.6,0.4895660732305797,0.11043392676942027
A. Ndiaye,76,3,10.000000000000002,9.888818079812713,0.11118192018728834
O. Younger,58,2,0.425,0.3136532929945307,0.11134670700546928
A. Ouattara Mohammed,62,2,0.9,0.7880435294469063,0.11195647055309377
A. Quezada,54,4,0.24,0.12753303044600597,0.11246696955399402
Luis López,63,1,1.0,0.8870775801816603,0.11292241981833973
M. Kiprit,64,4,1.3,1.1837778710694182,0.11622212893058181
N. Ngoumou,63,3,1.1,0.981611992335798,0.1183880076642021
S. Aluko,66,4,0.675,0.55627739710906,0.11872260289094005
A. Arroyo,61,2,0.7,0.57939768285025,0.12060231714975
E. Gayi,55,2,0.325,0.20247086856936986,0.12252913143063016
A. Green,67,3,2.3,2.175939990964463,0.12406000903553682
M. Dackers,54,4,0.3499999999999999,0.22482838438217426,0.12517161561782567
S. Asta,62,2,0.925,0.7993234653896691,0.1256765346103309
I. Amundsen,59,2,0.525,0.3978661933605474,0.12713380663945262
G. Tanco,61,2,0.7,0.5723029532743258,0.12769704672567417
F. Bilbija,66,3,1.9,1.7722716504081553,0.12772834959184465
L. Emini,63,3,1.1,0.9718485459264805,0.12815145407351958
L. Claros,61,1,0.55,0.4197295432246241,0.13027045677537596
Y. Konoplia,65,2,1.5,1.3636222391910797,0.13637776080892028
E. Ávalos,58,2,0.475,0.3383649188710343,0.13663508112896566
S. Dest,76,3,15.499999999999998,15.362074861588075,0.1379251384119229
A. Papadopoulos,64,2,1.2,1.0610068230792937,0.13899317692070623
Felippe Cardoso,67,4,2.1,1.9596718327967875,0.14032816720321262
M. Pérez,65,2,1.5,1.3588561697725647,0.14114383022743526
C. Jullien,75,2,5.5,5.358723001146732,0.14127699885326805
N. Guinness-Walker,62,2,0.85,0.7065444269643801,0.14345557303561984
S. Abdul Samed,65,3,1.5,1.3538762244435003,0.1461237755564997
J. Sanabria,64,3,1.4,1.2504867120146448,0.14951328798535513
J. Naschberger,63,4,1.1,0.9487320052977893,0.15126799470221075
J. Randall,64,3,1.3,1.147490084113964,0.15250991588603613
Franquesa,70,2,3.0000000000000004,2.845595759114339,0.15440424088566163
J. Hoogma,69,2,2.6,2.4345870641217715,0.16541293587822858
H. Al Ghaddioui,68,4,1.2,1.031250565345787,0.16874943465421288
D. Brooks,76,4,12.0,11.829399672633201,0.17060032736679887
Rogério,70,2,3.4,3.226393129030486,0.17360687096951377
L. Soza,62,2,0.75,0.5757833880723934,0.17421661192760662
D. Klinkenberg,61,2,0.6,0.42361626628668914,0.17638373371331084
K. Yengi,61,4,0.75,0.5727719311950428,0.17722806880495723
A. Lozano,64,4,1.3,1.1226354873691573,0.17736451263084274
A. Dumiter,62,4,0.9,0.7212438652510554,0.17875613474894458
S. Makienok,67,4,1.0,0.8189055422461644,0.1810944577538356
Rafael Pereira,63,2,1.1,0.917370494604828,0.1826295053951721
Álex Bermejo,68,4,2.7,2.515447910427852,0.18455208957214797
J. Mellish,63,3,0.95,0.7641872233796462,0.18581277662035378
Madger Gomes,62,4,0.75,0.5638842086683276,0.18611579133167244
I. Boonen,65,4,1.5,1.3096943582251035,0.1903056417748965
Í. Ávila,66,4,0.85,0.6558668959534262,0.1941331040465738
Berto Hórreo,62,1,0.85,0.6556142005515617,0.19438579944843826
Relu,62,2,0.825,0.6280165343954344,0.1969834656045656
Riquelme,66,4,2.1,1.9003265384736965,0.1996734615263036
D. Valencia,68,4,3.0000000000000004,2.7996504675557627,0.2003495324442377
Ó. Estupiñán,70,4,3.2,2.9991623331637522,0.20083766683624793
L. Fejsa,75,2,3.7000000000000006,3.490310652143061,0.2096893478569397
Joan García,67,1,2.4,2.1852043679008144,0.2147956320991855
Z. Görgen,63,1,1.0,0.7848607032084932,0.21513929679150678
S. Bueno,67,2,2.1,1.8833769955519382,0.21662300444806193
L. Cullen,64,4,1.3,1.0822860665044478,0.21771393349555224
D. Amartey,76,2,7.999999999999998,7.780876349201197,0.21912365079880125
R. Gumny,71,2,4.0,3.78070103143577,0.21929896856422992
Pepe Sánchez,64,2,1.4,1.1803488475946975,0.21965115240530242
S. Ivanov,62,3,0.9,0.675256130097229,0.22474386990277107
G. Comas,65,4,1.4,1.1739873115933794,0.22601268840662048
C. Conteh,65,3,1.6,1.373900768835784,0.22609923116421604
J. Grot,66,4,1.7,1.4728072396403327,0.2271927603596673
T. Kędziora,75,2,6.0,5.76653368781387,0.23346631218613023
J. Hauge,75,3,11.499999999999998,11.263723011626288,0.23627698837371014
A. Carlén,63,3,1.1,0.8617737939561776,0.2382262060438225
M. Kilman,73,2,5.5,5.261406389605631,0.23859361039436866
T. Inui,75,3,3.5,3.25976738369174,0.2402326163082602
J. Asoro,66,4,1.8,1.5571036246899663,0.24289637531003372
M. Fofana,70,2,3.3,3.0544904814288945,0.24550951857110537
S. Moreno,68,3,3.0000000000000004,2.7540821597727816,0.24591784022721885
S. Hughes,63,2,0.9,0.6529982530925881,0.24700174690741195
N. Kalinić,75,4,3.5999999999999996,3.350948160508412,0.2490518394915875
Tiago Djaló,74,2,9.000000000000002,8.745577644128668,0.2544223558713341
H. Onyekuru,75,3,8.5,8.244896051974871,0.2551039480251287
Iñaki Peña,68,1,2.3,2.0435586124557164,0.2564413875442835
M. Boadu,76,4,16.5,16.242171951904087,0.257828048095913
M. Mattsson,65,4,1.6,1.3412939412269702,0.2587060587730299
H. Ito,66,2,1.8,1.5399664382805744,0.2600335617194256
Toni Moya,70,3,3.5,3.237673682627317,0.2623263173726831
L. Assignon,64,2,1.4,1.133198075069722,0.266801924930278
C. Hourihane,74,3,4.0,3.7323637061427073,0.2676362938572927
M. Sørensen,68,2,2.5,2.2319246387039295,0.26807536129607046
N. Atkinson,67,3,2.2,1.9308627687986522,0.269137231201348
J. Daland,66,2,2.0,1.7255013651804465,0.2744986348195535
R. Schofield,66,1,1.7,1.4235131778567809,0.27648682214321907
D. Tono,65,4,1.6,1.3231306710228181,0.27686932897718197
M. Loum,71,2,3.8999999999999995,3.617781285802609,0.2822187141973904
Raúl Guti,73,3,6.0,5.713969726390312,0.286030273609688
H. Abe,66,3,1.9,1.6132957062481565,0.28670429375184336
D. Rice,82,3,43.0,42.71253261814152,0.28746738185847676
S. Vines,68,2,2.6,2.3096531761841144,0.2903468238158857
Chapela,67,4,2.3,2.0086512460201575,0.2913487539798423
I. Amadou,75,3,5.5,5.206483669137179,0.29351633086282103
T. Fujii,64,3,1.3,1.003744200344326,0.29625579965567406
M. Mount,83,4,58.50000000000001,58.20206801099657,0.29793198900343754
W. Coulibaly,65,2,1.5,1.201074662291184,0.2989253377088159
Manu Morlanes,74,3,9.000000000000002,8.697419400849926,0.30258059915007607
G. Zappa,65,2,1.7,1.3929692461137562,0.3070307538862438
L. Davis,65,2,1.7,1.3875281430073834,0.3124718569926166
Rubén Pérez,74,3,3.3,2.986692458185802,0.31330754181419795
Fabiano Souza,66,2,2.0,1.6847762069768921,0.3152237930231079
Aldasoro,65,2,1.6,1.2817150029279314,0.3182849970720687
H. Kamara,75,2,6.0,5.675522989436696,0.3244770105633039
A. Zendejas,69,4,3.1,2.7641964468098204,0.33580355319017974
E. Ramírez,67,4,2.3,1.9639262022566415,0.3360737977433583
F. Muslija,68,3,2.7,2.3559117809036767,0.3440882190963235
B. Goller,68,3,2.7,2.3531557112671346,0.34684428873286555
K. Schumacher,64,3,1.3,0.9462695842781544,0.3537304157218456
M. Raab,65,1,1.4,1.046065643154592,0.35393435684540786
S. Elia,67,3,2.3,1.9456124807918709,0.35438751920812894
L. Tempelmann,65,3,1.6,1.2431599755706968,0.3568400244293033
E. Agbadou,69,2,2.6,2.2236761167226375,0.37632388327736255
Hernani,75,3,6.499999999999999,6.120814666694788,0.37918533330521154
G. Poussin,67,1,2.0,1.613788996893223,0.3862110031067769
J. Onomah,69,4,2.8,2.410323787597341,0.3896762124026587
N. Nkoulou,76,2,4.999999999999999,4.6019079585535,0.3980920414464988
K. Laba,75,4,5.5,5.097049702032756,0.40295029796724435
S. Driussi,76,4,10.000000000000002,9.593789179157586,0.406210820842416
Berto,66,3,1.9,1.4817048630916836,0.4182951369083163
Zé Carlos,67,2,2.2,1.7736351527251548,0.42636484727484536
Tachi,67,2,2.1,1.6688203197025526,0.43117968029744747
J. Shelvey,75,3,5.5,5.042453719714598,0.4575462802854018
Y. Mvogo,75,1,5.5,5.038299383914311,0.4617006160856887
K. Nwakali,67,4,2.3,1.829433210395177,0.4705667896048229
J. King,75,4,5.5,5.006221019644519,0.49377898035548107
G. Raspadori,75,4,12.500000000000002,11.991000158528692,0.5089998414713097
L. Amos,67,3,2.1,1.5887550238155745,0.5112449761844255
João Basso,69,2,2.9,2.38867251562274,0.5113274843772597
M. Livaja,76,4,7.999999999999998,7.487401359371018,0.5125986406289806
A. Iwobi,76,4,9.500000000000002,8.980705842120194,0.5192941578798074
C. Kabasele,75,2,4.6,4.075163099615965,0.5248369003840345
M. Sanson,76,4,9.000000000000002,8.47305799569166,0.5269420043083421
M. Kranevitter,76,3,6.999999999999999,6.468147032894965,0.531852967105034
San Román,67,1,2.0,1.463147603388325,0.5368523966116749
M. Niang,75,4,7.499999999999999,6.940297002163369,0.5597029978366299
R. Mandragora,75,3,9.000000000000002,8.41183578585692,0.588164214143081
A. Bayındır,76,1,9.500000000000002,8.906817165912877,0.5931828340871252
Rúben Vezo,75,2,6.499999999999999,5.902112014518094,0.597887985481905
L. Fernández,74,4,9.500000000000002,8.897270723016007,0.6027292769839949
M. Lowton,76,2,4.999999999999999,4.392385416558203,0.6076145834417961
M. Ojeda,75,4,11.499999999999998,10.871250757672897,0.6287492423271015
A. Vega,74,4,8.5,7.865830598112729,0.634169401887271
João Moutinho,80,3,9.500000000000002,8.86456990003923,0.6354300999607716
K. Furuhashi,75,3,7.499999999999999,6.861341713530478,0.6386582864695214
G. Caprari,76,4,7.999999999999998,7.352325740909795,0.6476742590902029
J. Simpson,68,2,2.5,1.8412949566053902,0.6587050433946098
J. Gouweleeuw,76,2,6.499999999999999,5.836716690568497,0.6632833094315025
Lyanco,72,2,4.9,4.2316882890735545,0.6683117109264458
Cote,76,2,5.5,4.8198346422327285,0.6801653577672715
D. Greif,72,1,4.5,3.8078019536633696,0.6921980463366304
J. Carrascal,74,4,8.5,7.761184095016621,0.7388159049833787
B. Traoré,77,3,11.499999999999998,10.759624613678978,0.7403753863210198
M. Caldara,76,2,6.999999999999999,6.255627410292903,0.7443725897070959
L. Augustinsson,76,2,7.999999999999998,7.21674831604596,0.7832516839540382
W. Hoedt,76,2,7.999999999999998,7.21242655242492,0.7875734475750784
A. Mitrović,76,4,9.000000000000002,8.199998653078996,0.8000013469210057
E. Ndicka,78,2,20.5,19.694696049804893,0.8053039501951069
G. Berterame,75,4,11.499999999999998,10.662009184625669,0.8379908153743294
T. Walcott,75,3,4.5,3.659158125769807,0.8408418742301929
L. Milivojević,76,3,6.499999999999999,5.6457688256320875,0.8542311743679116
C. Adams,76,4,11.499999999999998,10.630832989848509,0.8691670101514894
O. Yokuşlu,76,3,8.5,7.628449097997746,0.8715509020022543
A. Lunin,74,1,7.999999999999998,7.117812044103361,0.8821879558966375
B. Sosa,77,2,13.999999999999996,13.102559897195096,0.8974401028049002
J. Pešek,76,3,7.499999999999999,6.586176378607492,0.9138236213925071
C. Benteke,75,4,5.5,4.576772694399436,0.9232273056005642
T. Cairney,75,4,5.5,4.551093363742291,0.9489066362577088
J. Guðmundsson,75,3,5.5,4.549688796986199,0.9503112030138006
N. Chadli,76,3,6.0,5.013046323172304,0.9869536768276959
F. Dimarco,77,2,15.0,13.95448709540198,1.04551290459802
S. Zaza,75,4,5.5,4.436551642193171,1.0634483578068288
André Almeida,76,2,6.499999999999999,5.301587750341821,1.198412249658178
Córdoba,76,3,11.499999999999998,10.298601934629025,1.2013980653709737
Juan Mata,77,4,6.499999999999999,5.284506671385592,1.2154933286144072
P. Nardi,75,1,6.0,4.759288654926042,1.240711345073958
P. Aquino,76,3,9.500000000000002,8.25305000394952,1.246949996050482
J. Veerman,77,3,17.0,15.737711817556445,1.2622881824435552
A. Morelos,76,4,11.000000000000002,9.721512439848272,1.2784875601517296
A. Ogbonna,80,2,10.000000000000002,8.695930648333071,1.3040693516669304
S. Serdar,76,3,11.499999999999998,10.17638122934003,1.3236187706599676
A. Maier,74,3,9.500000000000002,8.176279081340804,1.3237209186591983
V. Aboubakar,76,4,7.499999999999999,6.160792640001352,1.339207359998647
W. McKennie,78,3,20.5,18.979082841742734,1.5209171582572658
Thiago Mendes,77,3,9.000000000000002,7.444743975650502,1.5552560243495002
Ansu Fati,78,4,32.5,30.924086262282447,1.5759137377175527
J. Beauguel,76,4,7.499999999999999,5.896654092109589,1.60334590789041
O. Kabak,75,2,12.0,10.384753909530245,1.6152460904697552
L. Krejčí,75,2,12.0,10.269254714360201,1.7307452856397987
L. Majer,77,4,15.999999999999998,14.227668209155151,1.7723317908448468
J. Cuadrado,83,2,18.999999999999996,17.205488364931814,1.794511635068183
X. Schlager,80,3,27.500000000000004,25.698455925962836,1.8015440740371673
G. Trauner,77,2,9.000000000000002,7.18287889157097,1.8171211084290322
F. Bustos,77,3,13.0,11.153488943497175,1.846511056502825
N. Milenković,77,2,15.0,13.142938497481389,1.8570615025186115
Sergi Gómez,77,2,9.000000000000002,7.080839298035152,1.9191607019648496
G. Mamardashvili,76,1,13.999999999999996,12.065528567674194,1.934471432325802
J. Mæhle,77,2,13.999999999999996,12.05164432221845,1.9483556777815458
M. Dúbravka,80,1,10.5,8.536438378364593,1.9635616216354066
J. Tavernier,77,2,9.500000000000002,7.427412061571604,2.0725879384283976
T. Meunier,77,2,9.500000000000002,7.384490133243525,2.1155098667564767
Neto,81,1,13.5,11.36824176905853,2.13175823094147
Guilson Paiva,78,3,15.499999999999998,13.362592959886815,2.1374070401131835
Enzo Chissano,77,2,9.500000000000002,7.358142054858136,2.141857945141866
Silas,75,4,12.500000000000002,10.267331334139586,2.232668665860416
S. Kritsyuk,78,1,9.500000000000002,7.265478183861734,2.234521816138268
A. Westwood,78,3,10.000000000000002,7.726608121993293,2.2733918780067084
Dani Ceballos,77,3,14.5,12.193212587139865,2.3067874128601353
S. Vegas,75,2,10.5,8.177193243582385,2.3228067564176147
M. Edwards,76,4,15.0,12.640753845021761,2.359246154978239
D. Rugani,77,2,11.499999999999998,9.10636054806044,2.393639451939558
C. Smalling,78,2,9.500000000000002,7.092177009905609,2.4078229900943926
L. Rodríguez,77,2,9.000000000000002,6.520342888847677,2.479657111152325
J. Cillessen,81,1,13.0,10.398787296753952,2.6012127032460484
Rúben Semedo,77,2,12.0,9.391281433700314,2.608718566299686
Melero,77,3,12.0,9.368166042887314,2.6318339571126863
Joselu,77,4,9.000000000000002,6.358636804578045,2.641363195421957
S. Lobotka,77,3,12.500000000000002,9.83172611826037,2.6682738817396316
K. Dolberg,78,4,20.5,17.692653797266562,2.807346202733438
Dyego Sousa,77,4,9.000000000000002,6.178025919988739,2.8219740800112625
Clinton Mata,78,2,12.500000000000002,9.636201436496487,2.863798563503515
J. Maddison,82,4,39.5,36.61182383870043,2.888176161299569
L. Provod,77,3,15.999999999999998,13.090407308852274,2.909592691147724
J. Ledesma,77,1,9.500000000000002,6.585137071311245,2.9148629286887564
S. Armstrong,77,3,10.5,7.58368950970289,2.9163104902971098
O. Zinchenko,79,3,22.000000000000004,19.060920789066486,2.9390792109335173
S. Weissman,77,4,15.0,12.019571827506896,2.980428172493104
Gorosabel,77,2,15.0,12.015152726059851,2.984847273940149
P. Groß,77,3,10.000000000000002,6.989415908085069,3.010584091914933
H. Winks,77,3,13.999999999999996,10.989120148618122,3.0108798513818744
A. Danjuma,77,4,15.999999999999998,12.905885015189543,3.0941149848104548
Adrià Pedrosa,76,3,14.5,11.397408171089388,3.1025918289106116
Cucurella,81,2,38.50000000000001,35.37124725712708,3.1287527428729263
D. Núñez,76,4,17.0,13.797227331540043,3.202772668459957
Davidson,77,3,10.000000000000002,6.767416996747955,3.2325830032520466
Illarramendi,79,3,12.500000000000002,9.209891401609747,3.2901085983902547
M. Hamšík,80,3,13.0,9.693481397895107,3.3065186021048927
A. Cresswell,79,2,12.500000000000002,9.064213514871293,3.435786485128709
L. Bailey,82,3,43.49999999999999,40.056423476691094,3.4435765233088986
R. Borré,78,4,17.999999999999996,14.442282415157782,3.557717584842214
J. Boga,77,3,16.5,12.923584990553428,3.5764150094465723
K. Toko Ekambi,78,3,13.999999999999996,10.350517665739417,3.649482334260579
A. Oxlade-Chamberlain,78,4,15.0,11.277107435309562,3.7228925646904383
W. Saliba,77,2,21.499999999999996,17.740602962389456,3.7593970376105403
D. Hancko,76,2,15.499999999999998,11.701781800667066,3.7982181993329327
J. Pastore,78,4,11.000000000000002,7.130478448718474,3.8695215512815277
William Carvalho,79,3,15.0,11.123632430531583,3.8763675694684174
Sergi Darder,79,3,17.999999999999996,14.063702863525629,3.9362971364743675
Álex Moreno,79,2,15.999999999999998,12.056858760684246,3.943141239315752
M. Guendouzi,79,3,27.999999999999996,24.040527777689412,3.959472222310584
A. Davies,83,2,68.00000000000001,64.01972604195956,3.9802739580404563
E. Álvarez,79,2,24.500000000000004,20.448080104691062,4.0519198953089415
U. Račić,78,3,22.000000000000004,17.798832185595042,4.201167814404961
V. Coufal,80,2,18.999999999999996,14.760934136491484,4.239065863508513
N. Fekir,84,4,44.99999999999999,40.639257294197606,4.360742705802387
H. Seferović,78,4,13.999999999999996,9.53870897930579,4.4612910206942065
M. Dmitrović,80,1,15.999999999999998,11.491638238894978,4.50836176110502
D. Malen,79,3,28.5,23.93148898757717,4.568511012422832
André Silva,83,4,43.99999999999999,39.35025150583155,4.649748494168442
C. Coady,79,3,17.500000000000004,12.81971449063828,4.680285509361724
A. Plea,79,4,17.999999999999996,13.218766790322967,4.78123320967703
A. Lafont,79,1,23.0,18.216165589319512,4.7838344106804875
Yeray,80,2,23.0,18.20686607817385,4.793133921826151
Lucas Paquetá,82,4,46.0,41.179685354281126,4.820314645718874
B. Pavard,79,2,21.499999999999996,16.672015979857104,4.8279840201428925
Dani Olmo,82,4,46.0,41.14776624598338,4.852233754016623
Rafinha,79,4,17.500000000000004,12.647071447018329,4.852928552981675
N. Elvedi,79,2,22.499999999999996,17.562516692933414,4.937483307066582
K. Laimer,81,2,33.5,28.523717326187818,4.976282673812182
J. Draxler,80,4,22.499999999999996,17.43776607728681,5.062233922713187
M. Özil,79,4,13.999999999999996,8.930624106463078,5.069375893536918
W. Szczęsny,86,1,36.0,30.92627924150156,5.073720758498439
G. Kondogbia,79,3,17.500000000000004,12.417570304749647,5.082429695250356
A. Zambo Anguissa,78,3,18.499999999999996,13.412478194394588,5.087521805605409
A. Sánchez,79,4,13.999999999999996,8.826703053888405,5.173296946111591
Danilo Pereira,81,3,22.000000000000004,16.81372390324226,5.186276096757744
A. Carrillo,78,3,13.5,8.283218390577977,5.216781609422023
J. Tarkowski,80,2,19.999999999999996,14.747975391151547,5.2520246088484495
F. Chiesa,84,3,66.49999999999999,61.159031530501764,5.340968469498222
Embarba,79,3,17.0,11.64403543485975,5.355964565140249
A. Rrahmani,78,2,15.999999999999998,10.64238406476981,5.3576159352301875
R. Bentancur,78,3,21.0,15.62417155977019,5.37582844022981
J. Hofmann,80,3,21.0,15.51606938993067,5.483930610069329
Unai Núñez,80,2,27.0,21.49287490244168,5.507125097558319
Pau López,80,1,21.0,15.487087805587324,5.512912194412676
M. Acuña,84,2,36.99999999999999,31.463604776316615,5.536395223683378
K. Coman,85,3,64.49999999999999,58.85794978264469,5.6420502173552975
Iñigo Martínez,81,2,21.0,15.307693293820572,5.692306706179428
Sergi Roberto,81,2,22.499999999999996,16.782842371927646,5.71715762807235
G. Montiel,78,2,21.0,15.278129556556964,5.721870443443036
A. Lopes,82,1,20.5,14.736006790174912,5.763993209825088
Borja Iglesias,80,4,21.499999999999996,15.709922234881429,5.790077765118568
B. Dia,78,4,21.499999999999996,15.706447905772162,5.7935520942278345
Anderson Talisca,82,4,33.0,27.151568543986983,5.848431456013017
J. Musso,81,1,22.000000000000004,16.00458569995951,5.995414300040494
N. Pépé,80,3,24.999999999999996,18.978653760402857,6.02134623959714
T. Savanier,80,4,20.5,14.438187793480727,6.0618122065192726
M. Politano,81,4,27.500000000000004,21.42178753139152,6.078212468608484
T. Lemar,83,4,47.49999999999999,41.41223230715257,6.087767692847422
Luis Alberto,84,4,42.50000000000001,36.40801200292691,6.0919879970730975
J. Denayer,79,2,20.5,14.338236939983899,6.161763060016101
Gao Late,79,4,17.0,10.819130318607213,6.180869681392787
O. Watkins,78,4,21.0,14.801505304015768,6.198494695984232
E. Ávila,79,4,20.5,14.075949078052211,6.424050921947789
J. Timber,78,2,29.000000000000004,22.48153734210752,6.518462657892485
C. Hudson-Odoi,78,4,31.0,24.401657064629887,6.598342935370113
Allan,82,3,25.499999999999996,18.82745840482358,6.6725415951764155
D. Henderson,80,1,25.499999999999996,18.824714271966414,6.6752857280335824
A. Milik,80,4,24.500000000000004,17.803896665477154,6.696103334522849
M. Arambarri,80,3,28.5,21.45999212348619,7.040007876513808
O. Vlachodimos,81,1,23.500000000000004,16.4215112354954,7.078488764504602
F. Tomori,81,2,36.99999999999999,29.774832297048953,7.22516770295104
G. Kobel,81,1,33.0,25.734399651846626,7.265600348153374
I. Perišić,81,3,20.5,13.210919663928948,7.289080336071052
R. Pereyra,80,3,19.999999999999996,12.706288823712352,7.293711176287644
Roger,80,4,20.5,12.89554736523392,7.60445263476608
Oscar,82,4,30.000000000000004,22.362128312205922,7.637871687794082
F. Neuhaus,81,3,36.50000000000001,28.854060779069396,7.645939220930611
Otávio,81,3,30.5,22.82868406052264,7.67131593947736
Oswaldinato,81,4,25.499999999999996,17.709552156797464,7.790447843202532
D. Calvert-Lewin,81,4,37.5,29.64881977087181,7.85118022912819
P. Kimpembe,83,2,45.5,37.587215067917555,7.912784932082445
Iñaki Williams,81,4,30.000000000000004,22.053497771245087,7.946502228754916
L. Paredes,81,3,29.500000000000004,21.524020249860527,7.9759797501394765
M. Götze,82,4,30.000000000000004,21.89323067110074,8.106769328899265
M. Maignan,84,1,49.500000000000014,41.31298048014841,8.187019519851603
Y. En-Nesyri,82,4,43.99999999999999,35.78124711200605,8.218752887993944
P. Aubameyang,84,4,34.00000000000001,25.72158915423352,8.278410845766487
S. Agüero,87,4,51.0,42.65947750138182,8.340522498618178
B. Godfrey,77,2,22.000000000000004,13.620314137039337,8.379685862960667
S. Coates,83,2,30.000000000000004,21.59258433336401,8.407415666635995
S. Fofana,80,3,27.500000000000004,18.94367783881871,8.556322161181292
F. Mendy,83,2,43.49999999999999,34.938111050365954,8.561888949634039
K. Manolas,82,2,24.999999999999996,16.384182550863308,8.615817449136689
Gayà,83,2,43.49999999999999,34.63974072750798,8.860259272492016
B. White,77,2,22.000000000000004,13.043747173553479,8.956252826446525
Brahim,78,4,31.499999999999993,22.198576849717025,9.301423150282968
M. ter Stegen,89,1,85.50000000000003,75.95567793849796,9.544322061502072
P. Dybala,87,4,86.50000000000003,76.8230564796598,9.676943520340231
Fabinho,86,3,69.49999999999997,59.770937999011416,9.729062000988556
J. Giménez,84,2,52.00000000000001,42.074309178872696,9.925690821127311
J. Gomez,82,2,43.49999999999999,33.323635744081265,10.176364255918728
M. Kovačić,83,3,41.49999999999999,31.294682904814984,10.20531709518501
L. Muriel,82,4,30.000000000000004,19.78528688203097,10.214713117969033
Á. Correa,83,4,48.00000000000001,37.11727411687075,10.882725883129254
N. Barella,85,4,81.00000000000003,69.8362183675686,11.163781632431423
G. Wijnaldum,84,3,40.49999999999999,29.178993230565368,11.321006769434625
R. Araujo,79,2,36.99999999999999,23.412300574733763,13.58769942526623
A. Laporte,86,2,72.49999999999999,58.17004945334821,14.329950546651773
İ. Gündoğan,85,3,51.5,36.3601655468527,15.139834453147301
C. Immobile,86,4,57.5,41.85983402017803,15.640165979821973
M. Depay,86,4,79.5,63.31198407654138,16.18801592345862
R. Varane,86,2,68.5,51.95640739661245,16.54359260338755
Marcos Llorente,86,4,88.00000000000003,70.4812359492865,17.51876405071353
R. Mahrez,86,4,65.50000000000003,45.23388075899499,20.266119241005036
Thiago,86,3,64.99999999999999,44.23755447662087,20.762445523379114
K. Havertz,84,4,94.50000000000001,72.25712091202533,22.242879087974686
